Date,Open,High,Low,Close,Volume
2000-01-02,6784.37,6992.92,6762.11,6958.14,0
2000-01-09,6961.72,7159.33,6388.91,6780.96,0
2000-01-16,6785.47,7207.45,6783.22,7173.22,0
2000-01-23,7177.48,7306.48,6939.94,6992.75,0
2000-01-30,6987.59,7214.58,6809.64,7066.6,0
2000-02-06,7054.24,7491.79,6816.54,7444.61,0
2000-02-13,7450.79,7812.09,7263.19,7611.55,0
2000-02-20,7569.01,7699.97,7342.65,7573.78,0
2000-02-27,7568.34,7813.2,7447.71,7738.68,0
2000-03-05,7732.9,8022.48,7492.23,7960.03,0
2000-03-12,7960.09,8136.16,7877.19,7975.95,0
2000-03-19,7977.06,7991.07,7411.76,7710.92,0
2000-03-26,7716.24,7949.72,7677.08,7932.42,0
2000-04-02,7932.71,8031.21,7522.7,7599.39,0
2000-04-09,7599.78,7641.53,7205.86,7522.2,0
2000-04-16,7534.91,7614.81,7168.9,7214.83,0
2000-04-23,7201.66,7305.94,6890.96,7157.95,0
2000-04-30,7164.15,7444.28,7096.38,7414.68,0
2000-05-07,7407.53,7571.72,7321.43,7530.82,0
2000-05-14,7532.97,7532.97,7013.7,7269.28,0
2000-05-21,7266.08,7398.48,6958.92,6989.03,0
2000-05-28,6983.46,7040.57,6794.08,6938.33,0
2000-06-04,6956.14,7460.51,6956.14,7448.04,0
2000-06-11,7456.22,7486.4,7211.97,7257.52,0
2000-06-18,7251.29,7388.24,7131.4,7131.4,0
2000-06-25,7134.17,7270.2,6976.97,6980.41,0
2000-07-02,6986.89,7085.27,6851.84,6898.21,0
2000-07-09,6912.97,7090.11,6842.61,7052.22,0
2000-07-16,7052.68,7342.22,6955.58,7318.38,0
2000-07-23,7320.1,7503.32,7303.91,7373.26,0
2000-07-30,7377.98,7428.17,7076.37,7128.3,0
2000-08-06,7135.39,7251.88,6954.6,7016.59,0
2000-08-13,7020.65,7327.22,7020.65,7322.98,0
2000-08-20,7323.87,7380.19,7214.68,7232.42,0
2000-08-27,7233.74,7333.09,7147.15,7307.17,0
2000-09-03,7320.93,7397.12,7168.52,7344.67,0
2000-09-10,7355.74,7456.71,7248.94,7267.77,0
2000-09-17,7267.68,7273.3,6976.41,6999.54,0
2000-09-24,6959.93,6977.25,6468.46,6740.25,0
2000-10-01,6739.28,6884.63,6716.84,6798.12,0
2000-10-08,6800.07,6921.08,6712.48,6776.39,0
2000-10-15,6776.04,6776.04,6383.17,6661.3,0
2000-10-22,6668.12,6725.33,6297.49,6618.43,0
2000-10-29,6614.18,6930.36,6542.87,6924.68,0
2000-11-05,6921.33,7152.45,6880.18,7128.27,0
2000-11-12,7139.94,7185.66,6831.4,6851.69,0
2000-11-19,6839.98,6976.63,6690.61,6752.29,0
2000-11-26,6755.23,6794.41,6474.5,6664.18,0
2000-12-03,6665.25,6804.22,6361.43,6512.91,0
2000-12-10,6507.64,6745.91,6343.45,6691.25,0
2000-12-17,6702.25,6813.3,6331.3,6331.3,0
2000-12-24,6337.81,6505.75,6110.26,6251.4,0
2000-12-31,6252.11,6469.74,6252.11,6433.61,0
2001-01-07,6431.14,6556.94,6172.44,6382.31,0
2001-01-14,6368.83,6552.52,6293.49,6490.03,0
2001-01-21,6506.7,6737.18,6452.62,6651.53,0
2001-01-28,6652.46,6775.26,6594.19,6695.2,0
2001-02-04,6699.1,6795.14,6624.19,6638.2,0
2001-02-11,6633.78,6693.45,6497.07,6497.07,0
2001-02-18,6498.93,6603.17,6439.26,6439.26,0
2001-02-25,6441.26,6530.13,6071.35,6075.34,0
2001-03-04,6079.97,6284.81,6052.01,6159.02,0
2001-03-11,6172.35,6342.54,6134.02,6204.42,0
2001-03-18,6202.37,6202.37,5663.54,5734.49,0
2001-03-25,5732.85,5805.71,5351.48,5544.67,0
2001-04-01,5557.82,5944.25,5557.82,5829.95,0
2001-04-08,5843.37,5912.26,5383.99,5698.88,0
2001-04-15,5695.77,6019.26,5657.87,6002.3,0
2001-04-22,6004.32,6224.3,5827.62,6127.97,0
2001-04-29,6118.24,6186.68,6032.74,6175.24,0
2001-05-06,6176.73,6296.62,6001.51,6138.28,0
2001-05-13,6137.92,6222.24,6025.86,6141.02,0
2001-05-20,6122.45,6226.58,5960.46,6186.87,0
2001-05-27,6193.13,6337.47,6139.24,6223.57,0
2001-06-03,6225.66,6255.19,5994.66,6125.17,0
2001-06-10,6134.1,6278.04,6134.1,6187.21,0
2001-06-17,6189.06,6225.84,5889.41,5915.18,0
2001-06-24,5921.61,5980.14,5812.7,5941.77,0
2001-07-01,5928.5,6058.5,5758.69,6058.38,0
2001-07-08,6053.81,6131.97,5846.63,5862.1,0
2001-07-15,5861.92,5939.85,5731.85,5928.01,0
2001-07-22,5927.45,5928.89,5684.56,5764.06,0
2001-07-29,5751.13,5844.07,5551.14,5754.86,0
2001-08-05,5749.25,5930.45,5712.48,5735.88,0
2001-08-12,5734.24,5802.68,5387.34,5433.49,0
2001-08-19,5441.1,5569.05,5174.3,5222.12,0
2001-08-26,5219.75,5423.54,5124.69,5387.5,0
2001-09-02,5397.64,5455.12,5132.27,5188.17,0
2001-09-09,5195.67,5220.1,4713.12,4730.67,0
2001-09-16,4725.16,4788.38,4115.98,4115.98,0
2001-09-23,4120.56,4301.47,3539.18,3787.23,1219765456
2001-09-30,3792.86,4317.63,3792.86,4308.15,832953744
2001-10-07,4315.06,4592.14,4157.6,4487.69,751620712
2001-10-14,4469.11,4742.18,4330.54,4625.13,480525384
2001-10-21,4619.59,4779.64,4445.64,4513.53,391005884
2001-10-28,4518.36,4874.31,4480.16,4820.26,671500792
2001-11-04,4812.6,4812.6,4457.72,4583.31,644362800
2001-11-11,4588.69,5005.95,4588.69,4910.07,707856592
2001-11-18,4907.61,5114.4,4648.68,5062.64,909020688
2001-11-25,5071.63,5212.03,5016.92,5150.97,663507208
2001-12-02,5159.81,5217.47,4874.23,4989.91,716685888
2001-12-09,4986.58,5341.86,4872.25,5199.03,789210904
2001-12-16,5200.54,5212.95,4901.04,4909.42,680793016
2001-12-23,4913.93,5115.79,4877.57,5019.01,754212936
2001-12-30,5032.87,5175.57,5032.87,5160.1,110997544
2002-01-06,5155.26,5352.16,5107.36,5318.73,404393144
2002-01-13,5327.4,5347.12,5172.04,5209.97,844402248
2002-01-20,5206.23,5206.23,4974.58,5122.23,825793872
2002-01-27,5122.4,5219.85,5006.26,5156.63,666981912
2002-02-03,5156.52,5205.63,4980.7,5097.06,756991048
2002-02-10,5088.83,5093.49,4730.7,4835.95,886097168
2002-02-17,4845.24,4992.6,4834.15,4862.6,683436240
2002-02-24,4865.83,4894.49,4706.01,4745.58,666331048
2002-03-03,4758.83,5116.14,4731.41,5097.41,723725912
2002-03-10,5107.87,5376.23,5107.87,5359.55,1041652288
2002-03-17,5360.04,5403.28,5233.66,5401.11,1054573720
2002-03-24,5399.15,5467.31,5312.03,5366.13,677183856
2002-03-31,5361.2,5424.52,5289.93,5397.29,425458992
2002-04-07,5379.64,5379.64,5211.74,5260.53,457992488
2002-04-14,5261.37,5290.87,5128.02,5189.65,624460272
2002-04-21,5194.94,5378.27,5167.19,5284.55,624775040
2002-04-28,5285.42,5285.42,4984.62,5000.38,769715072
2002-05-05,4994.2,5066.97,4872.19,4882.77,660895288
2002-05-12,4884.03,5028.59,4773.49,4871.7,640823424
2002-05-19,4861.15,5126.33,4832.86,5036.41,756512384
2002-05-26,5046.17,5059.42,4859.54,4899.13,666143624
2002-06-02,4896.84,5016.11,4741.95,4818.3,630949752
2002-06-09,4818.07,4850.38,4513,4610.18,653583200
2002-06-16,4617.19,4686.13,4252.86,4303.85,781070376
2002-06-23,4317.84,4503.8,4153.31,4232.4,1264673728
2002-06-30,4233.87,4388.27,3946.7,4382.56,1057453568
2002-07-07,4377.1,4483.03,4101.58,4483.03,878254592
2002-07-14,4475.89,4480.49,4039.23,4130.8,1035685952
2002-07-21,4124.53,4152.45,3825.54,3891.88,1134086352
2002-07-28,3888.11,3888.11,3265.96,3579,1244553312
2002-08-04,3584.51,3945.38,3496.49,3532.49,966424672
2002-08-11,3533.3,3760.86,3235.38,3760.86,960954928
2002-08-18,3750.26,3750.26,3542.06,3684.69,692805920
2002-08-25,3681.67,3930.96,3628.46,3828.26,765499712
2002-09-01,3830.08,3900.11,3580.91,3712.94,633861800
2002-09-08,3698.69,3698.69,3301.81,3485.68,813062168
2002-09-15,3480.57,3615.59,3275.28,3361.28,664794296
2002-09-22,3359.33,3445.59,2956.56,3065.73,1133675696
2002-09-29,3063.44,3106.09,2774.36,2918.9,1010552672
2002-10-06,2906.6,2974.34,2677.61,2714.62,931895904
2002-10-13,2710.33,2930.74,2519.3,2930.74,1086930672
2002-10-20,2928.63,3226.25,2793.93,3163.67,1081634656
2002-10-27,3151.94,3299.01,2983.64,3102.01,927827936
2002-11-03,3105.29,3235.66,2999.6,3165.16,863544712
2002-11-10,3167.49,3443.49,3072.81,3079.1,977255920
2002-11-17,3076.25,3232.07,2987.85,3191.76,888042832
2002-11-24,3195.97,3337.34,3117.02,3320.88,812056304
2002-12-01,3322.78,3403.4,3148.94,3320.32,800958632
2002-12-08,3332.73,3476.83,3108.76,3207.53,1058218112
2002-12-15,3206.36,3223.42,3034.12,3077.06,689973424
2002-12-22,3074.51,3222.4,2925.87,3024.22,1006893744
2002-12-29,3022.31,3048.29,2840,2840,148133668
2003-01-05,2838.87,3124.86,2836.01,3092.94,352209528
2003-01-12,3101.17,3157.25,2932.93,3037.33,938867424
2003-01-19,3039.91,3145.66,2918.26,2918.82,959008944
2003-01-26,2927.58,2966.78,2714.89,2717.82,1005697520
2003-02-02,2716.42,2753.26,2563.92,2747.83,1198026896
2003-02-09,2750.4,2802.93,2561.73,2569.34,952470736
2003-02-16,2573.26,2711.59,2528.9,2674.46,892593648
2003-02-23,2683.48,2750.08,2565.14,2648.87,1178023952
2003-03-02,2648.49,2648.55,2433.15,2547.05,1102840816
2003-03-09,2553.74,2600.76,2393.59,2431.66,880531712
2003-03-16,2437.32,2482.14,2188.75,2403.19,1284858064
2003-03-23,2398.11,2731.57,2327.87,2715.06,1741393376
2003-03-30,2712.62,2712.62,2481.71,2520.84,981572944
2003-04-06,2511.99,2656.25,2395.72,2654.07,989250016
2003-04-13,2654.76,2824.99,2654.44,2733.95,1112831744
2003-04-20,2741.66,2915.69,2700.33,2899.78,819687856
2003-04-27,2898.36,3000.76,2828.84,2838.23,819305184
2003-05-04,2834.46,3004.79,2821.35,2986,868223376
2003-05-11,2991.74,3068.08,2861.7,2956.59,1053803408
2003-05-18,2961.14,3029.49,2871.61,2989.08,989432688
2003-05-25,2976.38,2976.38,2773.77,2822.83,987438352
2003-06-01,2821.54,2997.62,2769.45,2982.68,815929720
2003-06-08,2990.93,3146.91,2990.93,3127.46,1116411760
2003-06-15,3124.59,3253.7,3075.19,3168.71,1032295240
2003-06-22,3156.8,3324.44,3122.4,3238.98,1253281744
2003-06-29,3236.96,3263.12,3157.7,3224.66,943575680
2003-07-06,3228.81,3271.31,3119.35,3239.61,870046400
2003-07-13,3244.94,3363.43,3244.94,3326.51,1244274896
2003-07-20,3335.12,3430.76,3312.9,3366.71,1003786032
2003-07-27,3370.07,3390.61,3254.19,3356.89,895967248
2003-08-03,3360.67,3487.86,3360.67,3438.89,928250880
2003-08-10,3433.72,3464.6,3299.77,3332.24,861161408
2003-08-17,3333.07,3470.53,3309.85,3443.93,827766704
2003-08-24,3447.58,3588.53,3447.58,3549.05,874086304
2003-08-31,3547.65,3547.65,3438.86,3484.58,766816840
2003-09-07,3493.34,3676.88,3493.34,3607.71,948668176
2003-09-14,3612.85,3670.3,3473.79,3508.06,910572688
2003-09-21,3512.28,3629.59,3506.38,3578.7,1130891584
2003-09-28,3578.16,3578.16,3275.54,3324.85,1136828336
2003-10-05,3324,3439.89,3202.87,3419,1024679392
2003-10-12,3414.06,3512.21,3334.54,3471.25,929760032
2003-10-19,3480.13,3606,3480.13,3516.67,946788832
2003-10-26,3520.54,3593.5,3423.34,3452.64,876498512
2003-11-02,3459.07,3675.78,3459.07,3655.99,899802552
2003-11-09,3657.61,3814.21,3651.77,3782.56,1040661296
2003-11-16,3778.27,3813.2,3696.95,3797.4,1027636864
2003-11-23,3792.89,3792.89,3576.52,3642.25,1000763456
2003-11-30,3642.7,3786.37,3642.7,3745.95,762628424
2003-12-07,3752.72,3894.82,3752.72,3841.73,1039191616
2003-12-14,3834.89,3904.43,3778.73,3860.13,949060752
2003-12-21,3866.92,3930.26,3823.71,3898.42,1037368880
2003-12-28,3891.67,3913.26,3870.56,3903.34,217967232
2004-01-04,3907.57,4022.96,3907.57,4018.5,267126040
2004-01-11,4019.94,4073.33,3982.83,4016.18,1184633056
2004-01-18,4010.05,4122.93,3980.19,4111.64,1175786592
2004-01-25,4111.89,4171.49,4099.47,4151.83,1067630896
2004-02-01,4152.09,4175.48,4048.52,4058.6,1067059040
2004-02-08,4062.79,4087.21,4007.87,4044.99,972980688
2004-02-15,4051.36,4150.56,4047.92,4057.05,841758736
2004-02-22,4054.96,4147.34,4040.49,4073.35,889214264
2004-02-29,4074.11,4106.08,3960.41,4018.16,1011344448
2004-03-07,4026.19,4151.84,4026.19,4126.14,947880704
2004-03-14,4131.34,4163.19,3824.54,3915.38,1200759480
2004-03-21,3908.61,3909.87,3775.11,3819.15,1466115136
2004-03-28,3802.53,3849.99,3692.4,3822.33,1237254064
2004-04-04,3828.04,4008.08,3823.67,4007.6,992498704
2004-04-11,4015.23,4065.71,4000.44,4013.53,746275712
2004-04-18,4016.09,4094.23,3970.02,4033.98,743617824
2004-04-25,4033,4129.14,3995.59,4103.62,1025492792
2004-05-02,4105.97,4156.89,3968.86,3985.21,1116768304
2004-05-09,3972.88,4029.32,3852.9,3895.64,970935144
2004-05-16,3894.98,3894.98,3769.59,3803.1,1050802528
2004-05-23,3801.47,3883.15,3710.02,3831.84,888800848
2004-05-30,3842.41,3940.71,3809.98,3902.72,796057088
2004-06-06,3904.39,3973.57,3856.04,3961.93,666022836
2004-06-13,3973.45,4040.77,3973.45,4014.56,693500120
2004-06-20,4008.61,4018.6,3933.12,3999.79,937139424
2004-06-27,4008.5,4029.11,3916.42,4013.35,816503608
2004-07-04,4016.82,4101.52,3990.5,3998.77,839766752
2004-07-11,3998.19,4011.54,3882.75,3924.49,761999576
2004-07-18,3911.54,3928.07,3837.63,3845.93,808269776
2004-07-25,3845.03,3899.42,3785.29,3797.33,856816640
2004-08-01,3795.66,3911.3,3749.04,3895.61,895370544
2004-08-08,3891.18,3891.78,3719.46,3727.74,868739200
2004-08-15,3726.51,3736.55,3618.69,3646.99,996641056
2004-08-22,3643.08,3758.51,3618.58,3712.61,814013192
2004-08-29,3722.23,3856.03,3722.23,3851.18,726620624
2004-09-05,3848.8,3882.78,3778.19,3866.99,768942016
2004-09-12,3867.45,3905.11,3836.04,3886.03,715033760
2004-09-19,3890.29,4000.13,3890.29,3988.07,1002018160
2004-09-26,3986.33,3999.47,3887.84,3910.3,895662000
2004-10-03,3905.74,3996.11,3848.28,3994.96,893357480
2004-10-10,4005.64,4078.5,4001.52,4015.54,993549152
2004-10-17,4011.83,4026.99,3897.48,3922.11,1034908352
2004-10-24,3926.51,3983.45,3889.72,3935.14,864249792
2004-10-31,3880.48,3994.19,3838.98,3960.25,1004314160
2004-11-07,3961.18,4111.78,3959.25,4063.58,952631272
2004-11-14,4063.83,4162.37,4051.61,4143.35,1083940592
2004-11-21,4162.93,4202.45,4106.87,4134.89,977255968
2004-11-28,4115.91,4161.55,4088.59,4154.27,709546176
2004-12-05,4160.89,4233.52,4107.62,4208.87,1063267376
2004-12-12,4199.25,4231.46,4131.24,4174.55,779042520
2004-12-19,4189.34,4250.05,4173.59,4182.27,1081705712
2004-12-26,4178.17,4253.68,4176.38,4251.62,533510400
2005-01-02,4254.41,4272.18,4235.36,4256.08,244103960
2005-01-09,4260.92,4325.77,4242.07,4316.4,900159968
2005-01-16,4311.86,4324.38,4191.14,4232.36,1108423584
2005-01-23,4235.94,4269.73,4198.34,4213.7,1005823712
2005-01-30,4195.37,4245.08,4160.83,4201.81,1192365840
2005-02-06,4211.86,4340.27,4211.86,4339.28,985916192
2005-02-13,4342.75,4391.79,4338.96,4387.8,966379904
2005-02-20,4395.37,4409.09,4348.66,4359.47,947306512
2005-02-27,4363.21,4373.15,4276.01,4348.64,1102063680
2005-03-06,4360.34,4424.28,4335.04,4423.52,1087378688
2005-03-13,4424.77,4435.31,4330.21,4360.49,1091233920
2005-03-20,4353.73,4392.17,4295.7,4327.18,1078680544
2005-03-27,4322.47,4347.72,4275.55,4343.6,749672384
2005-04-03,4331.96,4393.2,4308.92,4373.53,651030688
2005-04-10,4355.84,4413.24,4323.24,4400.68,828484176
2005-04-17,4388.81,4422.88,4309.25,4312.25,986313552
2005-04-24,4266.27,4266.27,4159.95,4223.04,1245278656
2005-05-01,4214.97,4249.86,4157.51,4184.84,1110731872
2005-05-08,4208.63,4314.98,4205.05,4311.06,788547936
2005-05-15,4305.69,4306.32,4232.4,4275.7,1037435808
2005-05-22,4266.82,4379.57,4232.67,4360.68,975234592
2005-05-29,4383.02,4453.01,4374.49,4444.71,961462624
2005-06-05,4445.21,4551.89,4440.36,4510.39,958516528
2005-06-12,4514.59,4601.05,4490.12,4586.1,1033954304
2005-06-19,4597.33,4623.58,4537.91,4604.57,1264987584
2005-06-26,4601.99,4637.34,4560.49,4566.48,1046146736
2005-07-03,4547.27,4623.8,4517.44,4617.07,1021071136
2005-07-10,4620.86,4636.96,4444.94,4597.97,896010944
2005-07-17,4616.36,4723.65,4616.36,4712.9,1075442224
2005-07-24,4717.59,4865.72,4705.29,4836.9,1118181152
2005-07-31,4843.69,4913.02,4819.42,4886.5,1228251664
2005-08-07,4882.39,4934.94,4827.18,4827.18,1037476976
2005-08-14,4837.05,4990.57,4827.3,4937.33,1113827760
2005-08-21,4935.22,4953.46,4834.16,4929.91,913663472
2005-08-28,4933.74,4954.41,4783.8,4783.8,815032280
2005-09-04,4756.68,4874.89,4726.33,4837.81,893437040
2005-09-11,4853.6,5020.47,4850.53,5005.93,863210848
2005-09-18,5028.49,5035.39,4888.03,4986.5,1198715200
2005-09-25,4928.14,4967.31,4827.86,4882.58,1210605424
2005-10-02,4938.18,5061.84,4938.18,5044.12,1064381056
2005-10-09,5060.99,5138.02,4980.62,5007.77,1104581776
2005-10-16,5027.28,5065.17,4929.11,4975.56,1070974448
2005-10-23,4987.66,4999,4825.96,4838.4,1136931056
2005-10-30,4838.25,4930.89,4762.75,4825.64,1019981328
2005-11-06,4854.59,5013.95,4854.59,4995.24,1244030640
2005-11-13,4994.54,5092.8,4983.75,5090.75,1050126480
2005-11-20,5083.27,5162.51,5063.86,5123.5,1173515088
2005-11-27,5140.35,5204.14,5127.07,5194.27,827106256
2005-12-04,5218.28,5307.99,5155.34,5307.99,998156320
2005-12-11,5303.92,5309.93,5222.24,5282.12,936344720
2005-12-18,5316.46,5356.66,5274.97,5353.66,1115933104
2005-12-25,5342.93,5425.62,5322.83,5419.04,757092976
2006-01-01,5422.06,5469.96,5385.06,5408.25,297915832
2006-01-08,5410.24,5537.58,5409.27,5536.31,883232352
2006-01-15,5543.33,5553.54,5463.77,5483.08,1185498032
2006-01-22,5464.98,5515.25,5344.52,5349.02,1089707976
2006-01-29,5311.89,5650.95,5290.49,5647.41,1503420144
2006-02-05,5636.24,5760.62,5614.29,5657.12,1012335208
2006-02-12,5667.18,5745.49,5598.04,5701.47,1154335552
2006-02-19,5699.43,5812.68,5683.87,5795.48,1109531456
2006-02-26,5795.68,5884.22,5766.99,5870.79,956612064
2006-03-05,5888.81,5916.79,5691.21,5721.46,1125556656
2006-03-12,5742.06,5804.95,5664.18,5804.91,1197311280
2006-03-19,5820.74,5947.43,5807.6,5882.37,1173587712
2006-03-26,5895.77,5977.06,5847.89,5973.14,1239249056
2006-04-02,5972.14,5993.89,5863.06,5970.08,1001840080
2006-04-09,5989.08,6047.98,5947.56,5952.91,1023323088
2006-04-16,5951.08,6004.71,5860.5,5918.56,834338016
2006-04-23,5915.1,6108.68,5866.85,6094.75,911302704
2006-04-30,6058.75,6121.95,6003.91,6009.89,1507180880
2006-05-07,6014.37,6113.29,5962.85,6113.29,1143762464
2006-05-14,6126.96,6162.37,5915.74,5916.27,1509161392
2006-05-21,5893,5902.43,5587.91,5672.27,1166571808
2006-05-28,5653.85,5788.47,5513.43,5788.35,1259354008
2006-06-04,5782.49,5784.29,5533.12,5687.04,1350694304
2006-06-11,5685.56,5691.68,5383.27,5464.08,1463071184
2006-06-18,5458.37,5507.6,5243.71,5376,1478127056
2006-06-25,5388.83,5580.81,5382.58,5529.74,1136219664
2006-07-02,5542.74,5698.21,5420.08,5683.31,951459888
2006-07-09,5688,5729.58,5608.95,5681.85,772014168
2006-07-16,5678.1,5711.04,5422.22,5422.22,971788752
2006-07-23,5437.08,5587.27,5365.06,5451,1042739128
2006-07-30,5460.12,5708.33,5460.12,5705.41,1125714912
2006-08-06,5704.56,5741.79,5583.96,5723.02,1053386160
2006-08-13,5685.46,5709.1,5557.58,5628.37,1419809328
2006-08-20,5661.06,5849.37,5659.71,5817.02,1074981936
2006-08-27,5804.66,5847.1,5744.1,5811.47,961239232
2006-09-03,5808.37,5907.16,5767.83,5876.54,893868256
2006-09-10,5890,5917.24,5753.66,5795.25,821456248
2006-09-17,5774.31,5953.72,5737.2,5937.87,1471838000
2006-09-24,5932.5,5979.87,5857.89,5883.31,1243485680
2006-10-01,5898.89,6031.54,5864.99,6004.33,1170039272
2006-10-08,6019.33,6097.87,5944.56,6085.81,937421584
2006-10-15,6064.87,6188.68,6054.66,6173.68,1048837888
2006-10-22,6178.35,6218.56,6106.18,6202.81,1019325936
2006-10-29,6216.46,6304.77,6185.5,6262.54,1270819312
2006-11-05,6230.85,6311.93,6201,6241.14,994565584
2006-11-12,6249.91,6366.64,6249.91,6357.77,1213003280
2006-11-19,6350.64,6452.12,6344.1,6412.35,1314657632
2006-11-26,6394.08,6497.06,6367.2,6411.96,922024192
2006-12-03,6400.49,6419.97,6195.81,6241.12,1317888704
2006-12-10,6258.91,6440.56,6230.29,6427.41,1082262192
2006-12-17,6449.75,6605.14,6447.93,6588.83,1317799216
2006-12-24,6588.25,6615.68,6493.99,6503.12,822416848
2006-12-31,6525.99,6629.33,6525.75,6596.91,267748280
2007-01-07,6614.73,6704.04,6588.02,6593.08,915667776
2007-01-14,6603.54,6705.16,6531.25,6705.16,1278731392
2007-01-21,6719.52,6754.54,6651.68,6747.16,1245817952
2007-01-28,6753.73,6771.41,6627.96,6690.33,1513222400
2007-02-04,6702.45,6904.87,6684.39,6885.75,1620508864
2007-02-11,6878.66,6928.98,6849.85,6911.1,1144291320
2007-02-18,6892.02,6979.02,6844.39,6957.06,1133691792
2007-02-25,6967.52,7005.33,6922.35,6992.58,1282000576
2007-03-04,6992.12,7040.2,6544.27,6603.31,2035534992
2007-03-11,6510.95,6745.06,6445.29,6716.52,1541554016
2007-03-18,6727.56,6752.18,6444.7,6579.87,1830034976
2007-03-25,6622.75,6902.62,6614.14,6899.06,1541621536
2007-04-01,6899.33,6965.83,6788.33,6917.02,1106511216
2007-04-08,6911.12,7103.73,6891.79,7099.91,973039352
2007-04-15,7102.47,7213.2,7087.29,7212.06,957447280
2007-04-22,7229.06,7365.77,7155.04,7342.54,1302532416
2007-04-29,7348,7412.52,7218.72,7378.12,1379498624
2007-05-06,7369.24,7525.37,7361.35,7516.75,1092781824
2007-05-13,7523.95,7538.58,7304.6,7479.33,1388794864
2007-05-20,7505,7613.62,7418.25,7607.54,1478885696
2007-05-27,7614.04,7774.35,7599.49,7739.2,1514325456
2007-06-03,7758.85,8001.62,7675.89,7987.85,1235790592
2007-06-10,7973.68,8010.39,7499.43,7590.5,1537766000
2007-06-17,7623.33,8032.97,7595.68,8030.64,2101689776
2007-06-24,8044.73,8131.73,7905.18,7949.62,1496974848
2007-07-01,7896.91,8007.74,7750.62,8007.31,1329633344
2007-07-08,7969.27,8115.06,7916.47,8048.31,1019418992
2007-07-15,8077.18,8151.56,7799.93,8092.77,1314436640
2007-07-22,8101.52,8130.72,7864.18,7874.85,1301643744
2007-07-29,7880.29,7944.21,7372.89,7451.68,1364202640
2007-08-05,7460.71,7632.83,7386.6,7435.66,1537460240
2007-08-12,7390.87,7614.24,7293.52,7343.25,1168859232
2007-08-19,7380.18,7497.64,7190.35,7378.29,1338505168
2007-08-26,7400.45,7591.52,7345.12,7507.27,1170320992
2007-09-02,7525.58,7659.72,7353.81,7638.16,813786992
2007-09-09,7643.64,7725.33,7420.83,7436.62,1195702336
2007-09-16,7437.68,7545.23,7369.7,7497.74,1182764464
2007-09-23,7497.08,7809.24,7433.23,7794.43,1773618592
2007-09-30,7777.2,7882.18,7717.43,7861.5,1236345728
2007-10-07,7851.29,8014.16,7831.39,8002.18,1111810464
2007-10-14,8008.75,8063.83,7955.04,8041.25,1300629040
2007-10-21,8039.79,8039.79,7870.73,7884.12,1292435184
2007-10-28,7819.27,7970.56,7763.64,7949.16,1495429520
2007-11-04,7989.39,8038.41,7792.37,7849.49,1187371696
2007-11-11,7790.89,7918.91,7701.87,7812.39,1469282656
2007-11-18,7780.49,7866,7564.66,7612.25,1550510800
2007-11-25,7608.2,7634.46,7474.5,7608.96,1646219872
2007-12-02,7642.1,7894.47,7444.62,7870.52,1448834496
2007-12-09,7859.39,8009.75,7785.12,7994.06,1358125856
2007-12-16,7972.7,8117.79,7873.27,7948.35,1263112528
2007-12-23,7884.16,8015.41,7777.39,8002.66,1372064384
2007-12-30,8038.73,8073.99,7991.81,8067.31,231495456
2008-01-06,8045.97,8100.64,7780.27,7808.68,812479696
2008-01-13,7810.81,7923.43,7675.45,7717.95,1807509120
2008-01-20,7692.54,7759.16,7287.33,7314.16,1336937664
2008-01-27,7292.68,7292.68,6384.39,6816.74,1739742832
2008-02-03,6749.29,7037.16,6680.3,6968.67,932153600
2008-02-10,7018.64,7059.19,6655.65,6767.28,932567392
2008-02-17,6723.97,7062.08,6690.77,6832.43,847023600
2008-02-24,6865.57,7079.74,6762.77,6806.29,748184968
2008-03-02,6850.92,7017.7,6698.55,6748.13,790423360
2008-03-09,6692.98,6720.16,6450.88,6513.99,846461552
2008-03-16,6487.11,6666.58,6391.56,6451.9,886823728
2008-03-23,6360.92,6469.99,6167.82,6319.99,1139791616
2008-03-30,6443.45,6616.45,6443.36,6559.9,646677832
2008-04-06,6530.11,6802.62,6429.62,6763.39,762739488
2008-04-13,6802.55,6843.25,6570.74,6603.57,644887080
2008-04-20,6561.9,6860.38,6516.51,6843.08,663672232
2008-04-27,6840.68,6945.25,6656.86,6896.58,746447800
2008-05-04,6914.4,7092.82,6851.52,7043.23,525889544
2008-05-11,7036.99,7107.53,6961.63,7003.17,605217056
2008-05-18,7021.29,7205.96,7001.33,7156.55,651210956
2008-05-25,7177.02,7231.86,6934.54,6944.05,659919144
2008-06-01,6923.94,7124.61,6905.86,7096.79,632807712
2008-06-08,7098.7,7102.05,6796.28,6803.81,629890440
2008-06-15,6790.18,6839.32,6637.75,6765.32,727835184
2008-06-22,6773.43,6855.84,6547.4,6578.44,813838240
2008-06-29,6586.83,6628.72,6348.03,6421.91,783536912
2008-07-06,6423.37,6446.54,6200.56,6272.21,869759656
2008-07-13,6312.32,6416.24,6139.74,6153.3,802419128
2008-07-20,6184.65,6396.3,5999.32,6382.65,972456024
2008-07-27,6381.44,6577.1,6322.03,6436.71,853269008
2008-08-03,6428.36,6540.45,6264.74,6396.46,717304136
2008-08-10,6403.3,6620.77,6322.01,6561.65,724864360
2008-08-17,6570.52,6626.7,6369.58,6446.02,665834936
2008-08-24,6436.14,6485.91,6219.1,6342.42,555378992
2008-08-31,6332.94,6457.93,6238.07,6422.3,548986548
2008-09-07,6400.85,6553.9,6095.56,6127.44,760986576
2008-09-14,6262.34,6356.8,6086.3,6234.89,852046176
2008-09-21,6138.42,6220.29,5812.77,6189.53,1749876800
2008-09-28,6188.58,6235.13,6001.01,6063.5,786533536
2008-10-05,6010.1,6015.59,5617.81,5797.03,1116759072
2008-10-12,5606.07,5606.07,4308,4544.31,3794714752
2008-10-19,4642.02,5383.79,4521.91,4781.33,1517260928
2008-10-26,4891.76,4941.19,4014.6,4295.67,1048529488
2008-11-02,4143.45,5066.81,4062.77,4987.97,1615055488
2008-11-09,5053.94,5302.57,4751.24,4938.46,880776112
2008-11-16,5024.43,5135.15,4524.89,4710.24,729238288
2008-11-23,4700.5,4733.79,4034.96,4127.41,878476864
2008-11-30,4167.71,4703.67,4154.55,4669.44,806217568
2008-12-07,4653.12,4732.93,4304.03,4381.47,925514960
2008-12-14,4548.87,4850.39,4521.52,4663.37,812535360
2008-12-21,4718.39,4785.32,4627.46,4696.7,856703056
2008-12-28,4693.66,4718.6,4575.52,4629.38,245190960
2009-01-04,4660.17,4974.73,4655.91,4973.07,284828608
2009-01-11,5010.18,5111.02,4743.97,4783.89,727601944
2009-01-18,4765.38,4791.96,4295.76,4366.28,829123208
2009-01-25,4409.88,4452.57,4067.43,4178.94,776539840
2009-02-01,4165.71,4533.7,4145.12,4338.35,739233152
2009-02-08,4309.17,4657.06,4198.15,4644.63,673008696
2009-02-15,4627.83,4688.59,4371.47,4413.39,640480600
2009-02-22,4386.46,4421.78,4014.66,4014.66,673559432
2009-03-01,4057.25,4111.52,3764.69,3843.74,828218400
2009-03-08,3817.51,3891.71,3638,3666.41,789012528
2009-03-15,3677.07,4053.84,3588.89,3953.6,856036224
2009-03-22,3990.83,4137.8,3947.28,4068.74,898629352
2009-03-29,4109.28,4272.12,4102.34,4203.55,684822850
2009-04-05,4175.41,4456.3,3987.39,4384.99,715465948
2009-04-12,4421.71,4510.74,4228.89,4491.12,477290138
2009-04-19,4489.02,4680.63,4461.48,4676.84,507109902
2009-04-26,4655.84,4674.32,4391.1,4674.32,856760017
2009-05-03,4625.41,4837.05,4547.9,4769.45,608891700
2009-05-10,4790.03,4980.12,4781.97,4913.9,773849721
2009-05-17,4907.29,4926.49,4653.25,4737.5,684910092
2009-05-24,4702.81,5060.76,4655.53,4918.75,559062965
2009-05-31,4936.04,5035.51,4802.8,4940.82,460969175
2009-06-07,4992.1,5177.59,4991.21,5077.03,444805944
2009-06-14,5060.72,5133.4,4969.96,5069.24,411066417
2009-06-21,5051.35,5051.35,4761.2,4839.46,672411469
2009-06-28,4837.28,4866.8,4669.8,4776.47,496937695
2009-07-05,4768.11,4930.35,4685.27,4708.21,457082310
2009-07-12,4669.66,4703.3,4558,4576.31,419529735
2009-07-19,4564.94,5017.6,4524.01,4978.4,474838599
2009-07-26,5014.5,5301.91,5007.95,5229.36,435125335
2009-08-02,5277.72,5396.95,5159.25,5332.14,505175783
2009-08-09,5330.87,5480.93,5309.35,5458.96,499573436
2009-08-16,5451.79,5455.27,5252.15,5309.11,418660589
2009-08-23,5296.33,5478.18,5158.6,5462.74,409829991
2009-08-30,5482.6,5575.53,5432.06,5517.35,413771949
2009-09-06,5474.62,5507.48,5263.11,5384.43,477971458
2009-09-13,5400.76,5653.15,5400.76,5624.02,555024296
2009-09-20,5599.58,5760.83,5532.3,5703.83,616779286
2009-09-27,5698.53,5754.04,5559.47,5581.41,495387838
2009-10-04,5595.36,5755.66,5442.32,5467.9,647020747
2009-10-11,5477.81,5748.33,5440.23,5711.88,521096055
2009-10-18,5727.31,5885.78,5695.16,5743.39,633362025
2009-10-25,5761.3,5888.21,5712.82,5740.25,582770734
2009-11-01,5764.03,5799.42,5394.8,5414.96,822221343
2009-11-08,5410.61,5526.56,5312.64,5488.25,664808451
2009-11-15,5514.34,5726.38,5514.34,5686.83,463254793
2009-11-22,5717.46,5843.27,5638.33,5663.15,567662086
2009-11-29,5689.38,5825.87,5519.48,5685.61,528052869
2009-12-06,5691.84,5858.89,5607.82,5817.65,549235007
2009-12-13,5812.11,5812.69,5605.43,5756.29,462984437
2009-12-20,5803.2,5903.43,5752.21,5831.21,612728746
2009-12-27,5841.81,5988.28,5841.69,5957.44,244885797
2010-01-03,5977.99,6026.69,5949.45,5957.43,120682090
2010-01-10,5975.52,6058.02,5961.25,6037.61,588336217
2010-01-17,6057.93,6094.26,5866.84,5875.97,615169256
2010-01-24,5897.63,5988.8,5639.49,5695.32,623195326
2010-01-31,5662.85,5718.81,5540.33,5608.79,795676407
2010-02-07,5587.5,5733.71,5433.02,5434.34,803855787
2010-02-14,5476.47,5592.27,5434.4,5500.39,633454041
2010-02-21,5525.74,5729.58,5498.07,5722.05,534611284
2010-02-28,5741,5743.89,5518.27,5598.46,625922110
2010-03-07,5652.85,5880.25,5641.18,5877.36,531849255
2010-03-14,5891.74,5989.88,5838.17,5945.11,487387837
2010-03-21,5933.63,6041.95,5898.22,5982.43,638996495
2010-03-28,5960.85,6139.5,5910.85,6120.05,576104831
2010-04-04,6150.17,6238.57,6108.23,6235.56,403501442
2010-04-11,6250.01,6265.32,6138.02,6249.7,374618882
2010-04-18,6283.81,6310.76,6162.84,6180.9,636123253
2010-04-25,6158.6,6287.54,6140.38,6259.53,714995385
2010-05-02,6317.13,6341.52,6024.01,6135.7,907514700
2010-05-09,6122.76,6197,5655.18,5715.09,1182999702
2010-05-16,5814.41,6276.8,5805.98,6056.71,930906457
2010-05-23,6029.91,6181.26,5689.18,5829.25,987088585
2010-05-30,5858.45,5980.78,5607.68,5946.18,741666858
2010-06-06,5933.58,6114.58,5833.61,5938.88,488950955
2010-06-13,5876.48,6089.43,5798.76,6047.83,659299129
2010-06-20,6113.46,6256.55,6089.32,6216.98,708390271
2010-06-27,6320.41,6330.81,6039.56,6070.6,491815605
2010-07-04,6097.37,6168.99,5827.25,5834.15,550882554
2010-07-11,5853.75,6078.56,5809.37,6065.24,473126393
2010-07-18,6079.95,6248.07,6018.64,6040.27,541980804
2010-07-25,6034.87,6190.24,5906.04,6166.34,439313310
2010-08-01,6201.02,6253.64,6059.19,6147.97,522964158
2010-08-08,6187.64,6386.97,6182.68,6259.63,531887981
2010-08-15,6326.62,6356.41,6068.82,6110.41,472875409
2010-08-22,6132.78,6229.46,5999.63,6005.16,451574331
2010-08-29,6017.19,6055.23,5837.9,5951.17,480288277
2010-09-05,5973.48,6178.01,5833.51,6134.62,471619284
2010-09-12,6156.29,6233.07,6062.65,6214.77,450152110
2010-09-19,6258.51,6321.2,6185.74,6209.76,641351877
2010-09-26,6231.28,6339.97,6129.44,6298.3,594273201
2010-10-03,6307.87,6339.36,6187.22,6211.34,578390026
2010-10-10,6205,6321.79,6115.87,6291.67,531099407
2010-10-17,6308.43,6512.78,6228.39,6492.3,574774396
2010-10-24,6465.83,6623.94,6461.48,6605.84,450747669
2010-10-31,6645.45,6668.54,6553.25,6601.37,486784344
2010-11-07,6637.09,6775.17,6586.01,6754.2,471597933
2010-11-14,6746.44,6810.86,6617.97,6734.61,566123968
2010-11-21,6705.13,6854.09,6653.57,6843.55,519765567
2010-11-28,6892.02,6901.93,6701.98,6848.98,517777372
2010-12-05,6867.77,6977.91,6655.94,6947.72,611591354
2010-12-12,6970.24,7042.67,6926.57,7006.17,525898201
2010-12-19,7027.58,7044.87,6964.13,6982.45,508710131
2010-12-26,7000.38,7087.84,6992.67,7057.69,245163680
2011-01-02,7055.32,7056.34,6897.22,6914.19,159557132
2011-01-09,6973.39,7047.59,6842.9,6947.84,450563934
2011-01-16,6920.36,7084.07,6835.74,7075.7,616432036
2011-01-23,7072.75,7165,7008.62,7062.42,639326023
2011-01-30,7080.78,7180.15,7000.41,7102.8,563453377
2011-02-06,7094.56,7226.64,7033.09,7216.21,521411147
2011-02-13,7222.05,7390.48,7214.05,7371.2,473150716
2011-02-20,7403.83,7438.42,7364.04,7426.81,526234272
2011-02-27,7412.06,7441.82,7093.91,7185.17,589854866
2011-03-06,7173.59,7356.33,7122.69,7178.9,511060596
2011-03-13,7137.81,7270.81,6963.31,6981.49,618726294
2011-03-20,6896.31,6946.44,6483.39,6664.4,1010382821
2011-03-27,6782.3,6985.25,6720.02,6946.36,603878973
2011-04-03,6931.86,7192.38,6867.42,7179.81,457357548
2011-04-10,7178.59,7242.69,7129.41,7217.02,580571147
2011-04-17,7215.34,7224.74,7089.17,7178.29,759483432
2011-04-24,7165.99,7316.53,6994.56,7295.49,552733035
2011-05-01,7288.77,7514.69,7278.52,7514.46,421965681
2011-05-08,7570.86,7600.41,7291.39,7492.25,787366921
2011-05-15,7461.35,7566.41,7356.76,7403.31,639907555
2011-05-22,7348.12,7415.65,7228.13,7266.82,776996358
2011-05-29,7158.08,7217.24,7071.42,7163.47,1034994759
2011-06-05,7165,7319.69,7021.36,7109.03,817933766
2011-06-12,7095.4,7183.78,6995.4,7069.9,662076959
2011-06-19,7075.91,7231.49,7018.31,7164.05,835049919
2011-06-26,7078.59,7310.1,7063.86,7121.38,663478692
2011-07-03,7101.15,7443.2,7075.19,7419.44,693600216
2011-07-10,7427.14,7523.53,7389.8,7402.73,565435206
2011-07-17,7352.73,7358.5,7001.88,7220.12,948021764
2011-07-24,7162.82,7357.25,7089.09,7326.39,948253541
2011-07-31,7273.6,7382.8,7063.82,7158.77,689734421
2011-08-07,7254.5,7282.01,6152.62,6236.16,1276821115
2011-08-14,6170.69,6272.94,5487.82,5997.74,1781958649
2011-08-21,6075.59,6106.11,5345.36,5480,1143750177
2011-08-28,5412.75,5777.04,5403.58,5537.48,930232140
2011-09-04,5634.06,5869.65,5493.31,5538.33,848647332
2011-09-11,5409.87,5473.68,5150.05,5189.93,1012421327
2011-09-18,5063.59,5655.95,4967.59,5573.51,1394217775
2011-09-25,5447.32,5577.6,4973.92,5196.56,871085426
2011-10-02,5128.56,5704.41,5118.19,5502.02,1001490761
2011-10-09,5311.93,5749.13,5125.44,5675.7,893111793
2011-10-16,5705.4,6037.19,5652.99,5967.2,840655634
2011-10-23,6021.29,6081.41,5747.65,5970.96,820855767
2011-10-30,6014.36,6430.6,5937.58,6346.19,1008135869
2011-11-06,6283.19,6304.84,5762.26,5966.16,1079759918
2011-11-13,5905.93,6087.06,5721.97,6057.03,899826842
2011-11-20,6097.27,6116.07,5769.69,5800.24,748950327
2011-11-27,5767.09,5771.7,5366.5,5492.87,957863101
2011-12-04,5577.19,6169.64,5573,6080.68,919059023
2011-12-11,6137.87,6170.04,5802.36,5986.71,875465240
2011-12-18,5945.19,5952.55,5675.14,5701.78,1032947068
2011-12-25,5651.74,5965.35,5637.53,5878.93,519973337
2012-01-01,5900.7,5924.38,5771.27,5898.35,209618076
2012-01-08,5900.18,6179.03,5900.18,6057.92,560120558
2012-01-15,6061.26,6256.95,5987.75,6143.08,868817600
2012-01-22,6120.4,6431.26,6104.11,6404.39,1067598072
2012-01-29,6387.33,6574.19,6339,6511.98,1034133401
2012-02-05,6454.54,6767.46,6414.33,6766.67,859684422
2012-02-12,6752.03,6838.13,6649.56,6692.96,958488908
2012-02-19,6748.68,6874.53,6651.72,6848.03,787630188
2012-02-26,6892.04,6971.03,6733.59,6864.43,817643037
2012-03-04,6817.46,6967.14,6743.65,6921.37,898256054
2012-03-11,6876.89,6912.42,6612.61,6880.21,929419059
2012-03-18,6868.97,7194.33,6846.9,7157.82,997641808
2012-03-25,7143.93,7154.83,6908.97,6995.62,729204448
2012-04-01,7022.64,7153.68,6841.97,6946.83,697403939
2012-04-08,6973.99,7081.06,6685.8,6775.26,658092152
2012-04-15,6694.72,6761.78,6553.1,6583.9,723835785
2012-04-22,6556.3,6812.84,6548.39,6750.12,841450565
2012-04-29,6666.79,6825.41,6499.07,6801.32,868417514
2012-05-06,6844.1,6875.87,6546,6561.47,612626876
2012-05-13,6515.94,6589.01,6375.79,6579.93,781245012
2012-05-20,6499.79,6520.86,6229.3,6271.22,809053457
2012-05-27,6269.31,6446,6244.02,6339.94,734388115
2012-06-03,6425.1,6441.26,6009.07,6050.29,695910061
2012-06-10,5976.46,6230.22,5914.43,6130.82,672140461
2012-06-17,6255.65,6287.54,6078.22,6229.41,904552143
2012-06-24,6304.77,6427.49,6221.87,6263.25,713831176
2012-07-01,6229.43,6416.28,6096.94,6416.28,887031768
2012-07-08,6405.39,6641.72,6390.55,6410.11,737605285
2012-07-15,6408.64,6557.1,6349.62,6557.1,651787493
2012-07-22,6550.95,6775.74,6511.18,6630.02,662925905
2012-07-29,6561.87,6690.43,6324.53,6689.4,800188733
2012-08-05,6729.19,6876.57,6596.21,6865.66,821015812
2012-08-12,6845.88,6989.15,6845.88,6944.56,684224040
2012-08-19,6935.51,7041.11,6882.03,7040.88,554174914
2012-08-26,7037.02,7105.43,6885.98,6971.07,569448829
2012-09-02,6960.02,7049.48,6871,6970.79,469201161
2012-09-09,6946.61,7248.35,6892.98,7214.5,736094285
2012-09-16,7207.96,7445.97,7186.63,7412.13,983216499
2012-09-23,7390.29,7478.53,7304.25,7451.62,946028116
2012-09-30,7419.65,7440.49,7216.15,7216.15,749831651
2012-10-07,7227.81,7409.78,7225.29,7397.87,604357480
2012-10-14,7340.39,7341.28,7182.31,7232.49,561822171
2012-10-21,7237.4,7447.81,7237.4,7380.64,713900772
2012-10-28,7372.36,7390.1,7120.68,7231.85,570963296
2012-11-04,7205.05,7391.04,7171.96,7363.85,510240172
2012-11-11,7320.98,7434.96,7064.34,7163.5,753555361
2012-11-18,7164.68,7196,6950.53,6950.53,779339465
2012-11-25,7020.23,7311.55,7007.21,7309.13,576252553
2012-12-02,7286.69,7442.6,7266.02,7405.5,523869818
2012-12-09,7427.41,7552.81,7417.67,7517.8,529051835
2012-12-16,7484.95,7626.4,7457.57,7596.47,544025233
2012-12-23,7604.16,7682.9,7564.07,7636.23,655967856
2012-12-30,7652.27,7676.5,7602.89,7612.39,112692651
2013-01-06,7689.46,7789.94,7689.46,7776.37,328096623
2013-01-13,7760.01,7773.69,7683.48,7715.53,788220484
2013-01-20,7737.61,7785.82,7635.88,7702.23,600258410
2013-01-27,7727.77,7860.47,7634.26,7857.97,588994296
2013-02-03,7859.83,7871.79,7765.2,7833.39,632360112
2013-02-10,7822.54,7837.64,7537.29,7652.14,798222364
2013-02-17,7627.72,7734.05,7591.76,7593.51,619156532
2013-02-24,7591.08,7784.64,7567.88,7661.91,663389346
2013-03-03,7731.8,7860.57,7565.78,7708.16,729224365
2013-03-10,7654.67,8014.15,7637.85,7986.47,579354756
2013-03-17,7967.46,8074.47,7934.05,8042.85,1219986645
2013-03-24,7924.04,8030.46,7876.36,7911.35,699195669
2013-03-31,7988.27,8030.76,7757.37,7795.31,547764879
2013-04-07,7806.12,7952.85,7638.85,7658.75,510210850
2013-04-14,7669.04,7885.45,7615.81,7744.77,613000103
2013-04-21,7740.54,7773.11,7418.84,7459.96,737508600
2013-04-28,7516.06,7840.47,7442.36,7814.76,628838933
2013-05-05,7834.02,8127.72,7823.24,8122.29,476390692
2013-05-12,8119.22,8358.23,8103.27,8278.59,430430204
2013-05-19,8281.95,8408.57,8217.15,8398,637216786
2013-05-26,8434.97,8553.74,8262.64,8305.32,566373603
2013-06-02,8346.6,8519.6,8293.96,8348.84,479206495
2013-06-09,8291.49,8395.56,8034.55,8254.68,458162085
2013-06-16,8246.04,8355.33,7968.13,8127.96,424571137
2013-06-23,8170.75,8285.9,7789.24,7789.24,602751056
2013-06-30,7776.88,8037.68,7656.86,7959.22,458486582
2013-07-07,8000.02,8031.71,7730.37,7806,545079029
2013-07-14,7865.92,8244.13,7848.14,8212.77,407499357
2013-07-21,8237.92,8337.09,8137.53,8331.57,407472438
2013-07-28,8343.28,8415.33,8217.26,8244.91,413783179
2013-08-04,8307.12,8431.67,8213.36,8406.94,487436395
2013-08-11,8416.11,8435.49,8234.99,8338.31,498602594
2013-08-18,8341.96,8444.52,8238.86,8391.94,416206048
2013-08-25,8395.02,8438.42,8246.19,8416.99,358591562
2013-09-01,8424.07,8437.36,8094.22,8103.15,403430661
2013-09-08,8224.34,8289.35,8095.91,8275.67,461241853
2013-09-15,8275.01,8516.98,8246.77,8509.42,486430087
2013-09-22,8599.65,8767.97,8578.01,8675.73,615433780
2013-09-29,8682.94,8697.99,8606.83,8661.51,433486483
2013-10-06,8562.85,8691.85,8547.23,8622.97,373958344
2013-10-13,8557.04,8729.33,8504.65,8724.83,440705843
2013-10-20,8688.45,8865.1,8676.03,8865.1,511954492
2013-10-27,8828.47,9010.65,8827.23,8985.74,403180848
2013-11-03,9013.05,9070.17,8950.54,9007.83,344858907
2013-11-10,9035.91,9193.98,8969.63,9078.28,446962064
2013-11-17,9081.58,9188.47,8981.09,9168.69,461576470
2013-11-24,9154.23,9253.22,9117.09,9219.04,385407069
2013-12-01,9258.22,9424.07,9252.73,9405.3,334270341
2013-12-08,9412.95,9424.83,9078,9172.41,445601867
2013-12-15,9218.81,9225.53,8984.99,9006.46,344802373
2013-12-22,9004.62,9412.02,8997.75,9400.18,513619128
2013-12-29,9436.49,9589.39,9427.54,9589.39,99760780
2014-01-05,9586.53,9620.93,9367.99,9435.15,204590085
2014-01-12,9419.44,9549.5,9399.81,9473.24,418788314
2014-01-19,9497.92,9789.89,9381.94,9742.96,529574456
2014-01-26,9713.2,9794.05,9374.08,9392.02,467776465
2014-02-02,9389.17,9537.63,9166.05,9306.48,562865571
2014-02-09,9318.77,9357.58,9071.25,9301.92,527440866
2014-02-16,9331.71,9677.53,9281.58,9662.4,405854461
2014-02-23,9661.8,9695.38,9504.18,9656.95,344834866
2014-03-02,9619.64,9720.33,9497.78,9692.08,415529893
2014-03-09,9553.08,9599,9346.82,9350.75,475009380
2014-03-16,9305.51,9382.98,8913.27,9056.41,519555405
2014-03-23,9047.49,9376.94,9047.49,9342.94,571271814
2014-03-30,9349.52,9587.19,9181.37,9587.19,381490791
2014-04-06,9621.92,9721.5,9543.09,9695.77,367283812
2014-04-13,9585.52,9608.2,9259.43,9315.29,413271437
2014-04-20,9248.86,9417.82,9166.53,9409.71,344171721
2014-04-27,9455.52,9645.06,9367.42,9401.55,298455123
2014-05-04,9454.84,9627.38,9407.65,9556.02,337360200
2014-05-11,9536.38,9622.3,9407.09,9581.45,418813787
2014-05-18,9608.93,9810.29,9577.9,9629.1,507414471
2014-05-25,9607.32,9779.59,9534.56,9768.01,380661742
2014-06-01,9826.91,9970.77,9821.68,9943.27,375816123
2014-06-08,9986.86,10013.69,9866.97,9987.19,419268527
2014-06-15,9994.4,10033.74,9829.09,9912.87,351870628
2014-06-22,9885.97,10050.98,9861.29,9987.24,505343270
2014-06-29,9991.4,9993.02,9749.75,9815.17,370482149
2014-07-06,9833.85,10032.28,9800.08,10009.08,321732780
2014-07-13,9992.13,10015.36,9617.59,9666.34,379118681
2014-07-20,9710.92,9871.58,9655.51,9720.02,392497021
2014-07-27,9711.68,9810.47,9597.62,9644.01,336110201
2014-08-03,9660.71,9704.01,9185.41,9210.08,490650575
2014-08-10,9222.05,9243.23,8903.49,9009.32,465233792
2014-08-17,9106.67,9324.57,9050,9092.6,428911156
2014-08-24,9220.99,9414.39,9195.11,9339.17,322756476
2014-08-31,9456.67,9598.46,9369.4,9470.17,329918077
2014-09-07,9484.53,9774.65,9424.78,9747.02,372347727
2014-09-14,9767.9,9773.7,9617.7,9651.13,291427284
2014-09-21,9603.97,9891.2,9588.65,9799.26,461818982
2014-09-28,9748.53,9812.77,9454.88,9490.55,429224014
2014-10-05,9495.58,9520.97,9195.68,9195.68,373186239
2014-10-12,9341.05,9343.65,8788.21,8788.81,587392381
2014-10-19,8703.85,8872.4,8354.97,8850.27,788925176
2014-10-26,8819.26,9068.12,8644.71,8987.8,526550942
2014-11-02,9080.8,9339.33,8837.66,9326.87,522969616
2014-11-09,9305.73,9467.36,9148.78,9291.83,479617693
2014-11-16,9233.87,9400.9,9170.28,9252.94,403749482
2014-11-23,9162.27,9736.14,9161.6,9732.55,467902438
2014-11-30,9722.31,9992.67,9711.77,9980.85,488117516
2014-12-07,9915.74,10093.03,9835.42,10087.12,480478846
2014-12-14,10060.91,10084.95,9586.22,9594.73,461034226
2014-12-21,9599.82,9901.26,9219.05,9786.96,680318573
2014-12-28,9827.26,9924.01,9826.55,9922.11,109341475
2015-01-04,9914.87,9927.85,9687.26,9764.73,149577991
2015-01-11,9735.65,9860.18,9382.82,9648.5,507115652
2015-01-18,9697.46,10207.97,9622.32,10167.77,631649175
2015-01-25,10231.58,10704.32,10149.77,10649.58,624965789
2015-02-01,10592.97,10810.57,10552.76,10694.32,543110688
2015-02-08,10719.18,10984.69,10678.2,10846.39,499864077
2015-02-15,10765.21,11013.85,10594.32,10963.4,472912419
2015-02-22,10946.88,11081.81,10765.02,11050.64,434366497
2015-03-01,11150.47,11401.66,11069.77,11401.66,419265702
2015-03-08,11408.28,11600.37,11193.3,11550.97,411215241
2015-03-15,11510.35,11903.33,11402.67,11901.61,495788204
2015-03-22,11955.82,12219.05,11787.3,12039.37,622684174
2015-03-29,11984.79,12030.59,11619.72,11868.33,485719990
2015-04-05,11927.14,12119.71,11880.19,11967.39,326736117
2015-04-12,12057.34,12390.75,12017.8,12374.73,304292659
2015-04-19,12357.27,12388.13,11674.59,11688.7,440865199
2015-04-26,11736.4,12079.03,11675.58,11810.85,409374238
2015-05-03,11881.25,12050.71,11331.37,11454.38,490019686
2015-05-10,11506.84,11751.22,11167.55,11709.73,534048374
2015-05-17,11674.52,11702.13,11218.54,11447.03,456676033
2015-05-24,11464.8,11881.81,11378.86,11815.01,382658033
2015-05-31,11841.48,11920.31,11403.82,11413.82,406037668
2015-06-07,11462.97,11515.21,11155.01,11197.15,449886927
2015-06-14,11131.86,11452.94,10864.68,11196.49,485383967
2015-06-21,11053.21,11246.27,10797.85,11040.1,564948264
2015-06-28,11138.71,11635.85,11138.55,11492.43,469329935
2015-07-05,11404.71,11409.81,10897.97,11058.39,535328369
2015-07-12,10825.06,11339.78,10652.79,11315.63,494614749
2015-07-19,11489.17,11787.58,11414.39,11673.42,382812715
2015-07-26,11679.47,11802.37,11334.77,11347.45,331959232
2015-08-02,11287.77,11313.27,11052.86,11308.99,418673022
2015-08-09,11295.5,11669.86,11248.27,11490.83,356869480
2015-08-16,11545.63,11618.3,10892.88,10985.14,426879276
2015-08-23,11044.75,11113.79,10124.52,10124.52,484980284
2015-08-30,9805.72,10382.95,9338.2,10298.53,833646260
2015-09-06,10200.98,10380.36,9928.65,10038.04,546017490
2015-09-13,10148.8,10512.61,10055.14,10123.56,442871407
2015-09-20,10112.9,10336.2,9861.51,9916.16,746211970
2015-09-27,9837.13,10000.62,9362.28,9688.53,666660085
2015-10-04,9633.68,9788.27,9325.05,9553.07,577762641
2015-10-11,9691.65,10146.88,9647.17,10096.6,547997519
2015-10-18,10128.49,10187.09,9890.46,10104.43,497878422
2015-10-25,10084.61,10847.47,10080.19,10794.54,440640067
2015-11-01,10791.18,10886.98,10691.63,10850.14,457428413
2015-11-08,10749.98,11055.45,10744.37,10988.03,466820251
2015-11-15,10993.24,10995.48,10607.46,10708.4,420803824
2015-11-22,10609.14,11164.3,10608.83,11119.83,360955885
2015-11-29,11105.92,11366.37,10869.2,11293.76,388204525
2015-12-06,11268.31,11430.87,10632.77,10752.1,566386801
2015-12-13,10832.42,10992.55,10294.25,10340.06,437149991
2015-12-20,10406.71,10829.62,10122.95,10608.19,596060644
2015-12-27,10607.2,10796.03,10400.61,10727.64,212568268
2016-01-03,10748.37,10860.14,10627.46,10743.01,123923593
2016-01-10,10485.81,10485.91,9810.47,9849.34,521860521
2016-01-17,9814.04,10164.05,9459.09,9545.27,569290796
2016-01-24,9542.6,9837.62,9314.57,9764.88,607559586
2016-01-31,9790.44,9905.08,9563.64,9798.11,534883918
2016-02-07,9823.73,9827.1,9250.84,9286.23,594300919
2016-02-14,9329.87,9337.52,8699.29,8967.51,765200595
2016-02-21,9163.54,9551.87,9079.19,9388.05,595450673
2016-02-28,9481.37,9581.45,9125.19,9513.3,483665393
2016-03-06,9424.93,9899.11,9332.42,9824.17,478478933
2016-03-13,9764.08,9995.84,9498.15,9831.13,571258335
2016-03-20,9948.21,10055.29,9753.04,9950.8,586839238
2016-03-27,9893.26,10112.17,9762.57,9851.35,317244463
2016-04-03,9900.88,10097.7,9675.5,9794.64,339217866
2016-04-10,9789.77,9907.05,9484.75,9622.26,421323686
2016-04-17,9595.56,10098.44,9524.66,10051.57,425082611
2016-04-24,9933.7,10474.38,9920.9,10373.49,449290614
2016-05-01,10379.16,10399.3,10038.97,10038.97,459669813
2016-05-08,10091.17,10153.9,9737,9869.95,455629119
2016-05-15,9929.19,10106.93,9767.94,9952.9,448721353
2016-05-22,10016.79,10080.31,9773.72,9916.02,347079533
2016-05-29,9891.38,10298.76,9773.8,10286.31,398929242
2016-06-05,10293.43,10365.24,10040.87,10103.26,355517854
2016-06-12,10105.09,10312.53,9819.12,9834.62,426926474
2016-06-19,9715.78,9755.23,9432.87,9631.36,547890503
2016-06-26,9850.59,10340.84,9226.15,9557.16,693281397
2016-07-03,9516.92,9806.47,9214.1,9776.12,701127001
2016-07-10,9797.66,9808.99,9304.01,9629.66,500855446
2016-07-17,9744.8,10109.86,9690.18,10066.9,469162910
2016-07-24,10079.03,10195.65,9923.64,10147.46,379617407
2016-07-31,10155.2,10381.9,10125.22,10337.5,413819407
2016-08-07,10426.36,10459.34,10092.53,10367.21,448261692
2016-08-14,10407.5,10742.84,10403.47,10713.43,383601572
2016-08-21,10719.14,10802.32,10490.96,10544.36,306181092
2016-08-28,10528.88,10656.25,10443.48,10587.77,285726912
2016-09-04,10503.88,10693.64,10441.81,10683.82,375253328
2016-09-11,10712.17,10780.42,10539.31,10573.44,400783989
2016-09-18,10380.46,10507.04,10262.19,10276.17,608789212
2016-09-25,10349.87,10705.4,10326.75,10626.97,394826405
2016-10-02,10555.19,10575.34,10189.94,10511.02,596718475
2016-10-09,10492.97,10646.72,10465.35,10490.86,462190879
2016-10-16,10496.01,10692.36,10349.06,10580.38,490080230
2016-10-23,10544.69,10748.41,10491.28,10710.73,421944116
2016-10-30,10743.87,10827.72,10583.57,10696.19,407452297
2016-11-06,10658.67,10730.48,10212.53,10259.13,416769519
2016-11-13,10410.56,10793.97,10174.92,10667.95,661494758
2016-11-20,10750.62,10802.39,10604.32,10664.56,545784359
2016-11-27,10697.95,10767.73,10595.14,10699.27,371793551
2016-12-04,10655.92,10691.67,10402.59,10513.35,446824807
2016-12-11,10494.64,11231.69,10493.62,11203.63,685675239
2016-12-18,11198.42,11451.57,11141.86,11404.01,617122133
2016-12-25,11384.03,11480.18,11380.12,11449.93,332462455
2017-01-01,11457.91,11481.66,11404.82,11481.06,164901742
2017-01-08,11426.38,11637.37,11414.82,11599.01,371188741
2017-01-15,11606.89,11692.27,11491.87,11629.18,455335822
2017-01-22,11537.45,11644.88,11425.14,11630.13,439274838
2017-01-29,11545.97,11893.08,11508.83,11814.27,452116901
2017-02-05,11786.31,11792.33,11535.31,11651.49,458774023
2017-02-12,11628.03,11711.55,11479.78,11666.97,455069118
2017-02-19,11697.99,11848.04,11684.91,11757.02,409655566
2017-02-26,11831.71,12031.11,11722.35,11804.03,402610107
2017-03-05,11858.14,12082.59,11780.83,12027.36,433239039
2017-03-12,11956.81,12067.07,11917.78,11963.18,493883253
2017-03-19,11954.8,12156.44,11930.38,12095.24,607190130
2017-03-26,12050.81,12111.24,11850.27,12064.27,538690553
2017-04-02,11957.65,12313.29,11916.07,12312.87,490735432
2017-04-09,12368.82,12375.58,12119.04,12225.06,444098937
2017-04-16,12244.5,12246.88,12049.93,12109,294980588
2017-04-23,12135.61,12162.47,11941.57,12048.57,370680062
2017-04-30,12296.56,12486.29,12289.37,12438.01,585782180
2017-05-07,12478.46,12718.66,12433.51,12716.89,382994086
2017-05-14,12758.48,12783.23,12659.7,12770.41,534788055
2017-05-21,12824.05,12841.66,12489.95,12638.69,521782690
2017-05-28,12664.97,12703.74,12529.51,12602.18,375127604
2017-06-04,12588.8,12878.59,12567.22,12822.94,434294626
2017-06-11,12768.46,12821.03,12640.52,12815.72,422943192
2017-06-18,12760.39,12921.17,12620.9,12752.73,628083606
2017-06-25,12849.99,12951.54,12677.4,12733.41,386317468
2017-07-02,12783.89,12841.31,12319,12325.12,513586618
2017-07-09,12396.34,12496.82,12316.43,12388.68,428502238
2017-07-16,12464.96,12676.52,12406.2,12631.72,398137795
2017-07-23,12652.37,12656.13,12190.89,12240.06,466107069
2017-07-30,12228.63,12341.03,12098.57,12162.7,447082396
2017-08-06,12141.53,12321.98,12092.06,12297.72,447275233
2017-08-13,12305.74,12336,11934.92,12014.06,449182699
2017-08-20,12100.17,12301.4,12080.74,12165.19,375953906
2017-08-27,12105.72,12269.92,12021.7,12167.94,330797540
2017-09-03,12105.49,12191.23,11868.84,12142.64,352337205
2017-09-10,12051.8,12363.6,12050.53,12303.98,358222002
2017-09-17,12381.52,12565.85,12381.33,12518.81,532819957
2017-09-24,12593.55,12646.56,12518.22,12592.35,424266711
2017-10-01,12573.35,12828.86,12551.87,12828.86,434461945
2017-10-08,12866.27,12993.53,12849.59,12955.94,349965644
2017-10-15,12975.86,13036.74,12909.28,12991.87,351953453
2017-10-22,13017.18,13094.76,12911.58,12991.28,358253489
2017-10-29,13014.57,13249.03,12931.22,13217.54,476356535
2017-11-05,13227.85,13505.01,13214.6,13478.86,389759164
2017-11-12,13459.42,13525.56,13111.65,13127.47,551734874
2017-11-19,13150.78,13163.94,12847.88,12993.73,542368738
2017-11-26,12932.81,13209.01,12921.15,13059.84,416681006
2017-12-03,13036.74,13196.15,12810.13,12861.49,476529773
2017-12-10,13038.77,13240.92,12864.68,13153.7,444450018
2017-12-17,13181.85,13192.42,13008.07,13103.56,587675995
2017-12-24,13211.63,13338.91,13013.63,13072.79,380978753
2017-12-31,13070.19,13128.74,12911.73,12917.64,133657049
2018-01-07,12897.69,13332.8,12745.15,13319.64,395251620
2018-01-14,13399.62,13425.02,13151.84,13245.03,522014272
2018-01-21,13244.37,13445.47,13137.51,13434.45,441763195
2018-01-28,13435.14,13596.89,13222.47,13340.17,492371467
2018-02-04,13358.9,13370.02,12782.07,12785.16,584682813
2018-02-11,12687.79,12752.6,12003.36,12107.48,823428112
2018-02-18,12238.63,12484.12,12075.21,12451.96,576930376
2018-02-25,12495.07,12513.32,12283.7,12483.79,451602949
2018-03-04,12566.05,12601.46,11877.66,11913.71,508757293
2018-03-11,11831.57,12407.98,11830.98,12346.68,514937763
2018-03-18,12453.3,12459.9,12162.47,12389.58,711098936
2018-03-25,12346.51,12369.77,11818.7,11886.31,578200458
2018-04-01,11919.64,12151.31,11726.62,12096.73,435155027
2018-04-08,11997.47,12322.37,11792.35,12241.27,410052497
2018-04-15,12311.02,12523.97,12205.39,12442.4,446169309
2018-04-22,12478.99,12640.25,12375.63,12540.5,424589653
2018-04-29,12538.16,12647.16,12312.27,12580.87,530852849
2018-05-06,12606.27,12827.54,12563.74,12819.6,411142015
2018-05-13,12827.43,13034.21,12813.55,13001.24,430786363
2018-05-20,13009.83,13133.19,12918.29,13077.72,520681021
2018-05-27,13132.56,13204.31,12801.82,12938.01,474939361
2018-06-03,13016.55,13040.63,12547.61,12724.27,673180118
2018-06-10,12839.44,12925.24,12610.68,12766.55,522429395
2018-06-17,12816.32,13170.05,12751.66,13010.55,728458326
2018-06-24,12945.53,12982.92,12472.98,12579.72,486904051
2018-07-01,12497.48,12518.89,12104.41,12306,559123687
2018-07-08,12147.94,12516.51,12132.72,12496.17,514603161
2018-07-15,12542.25,12639.79,12398.47,12540.73,406125582
2018-07-22,12530.98,12778.96,12469.5,12561.42,472266377
2018-07-29,12510.23,12886.83,12489.33,12860.4,451390671
2018-08-05,12822.87,12860.59,12493.2,12615.76,471667855
2018-08-12,12631.4,12738.53,12390.4,12424.35,446401555
2018-08-19,12346.75,12461.82,12120.65,12210.55,454634795
2018-08-26,12263.01,12444.35,12245.56,12394.52,338162076
2018-09-02,12462.75,12597.02,12348.91,12364.06,356013278
2018-09-09,12338.36,12402.87,11888.57,11959.63,444936733
2018-09-16,11950.55,12134.54,11865.47,12124.33,471417464
2018-09-23,12056.38,12458.3,12040.8,12430.88,773846682
2018-09-30,12383.42,12456.69,12190.57,12246.73,482821366
2018-10-07,12265.89,12373.29,12103.55,12111.9,386557882
2018-10-14,12044.96,12072.27,11514.55,11523.81,544432084
2018-10-21,11523.81,11847.79,11459.08,11553.83,516317884
2018-10-28,11665.68,11677.45,11051.04,11200.62,586526332
2018-11-04,11270.67,11689.96,11212.58,11518.99,571158749
2018-11-11,11522.33,11648.79,11418.35,11529.16,484368750
2018-11-18,11591.59,11598.51,11233.21,11341,554357116
2018-11-25,11384,11419.55,11009.25,11192.69,442219162
2018-12-02,11315.9,11403.06,11208.6,11257.24,477428528
2018-12-09,11534.75,11566.97,10762.41,10788.09,535959575
2018-12-16,10726.17,10988.77,10585.77,10865.77,562138463
2018-12-23,10852.99,10886.8,10512.64,10633.82,692879285
2018-12-30,10607.42,10635.45,10279.2,10558.96,176078479
2019-01-06,10477.77,10786.34,10386.97,10767.69,290502931
2019-01-13,10814.39,10961.92,10681.27,10887.46,457284390
2019-01-20,10820.85,11216.82,10786.75,11205.54,479013427
2019-01-27,11176.12,11321.62,11007.21,11281.79,477252664
2019-02-03,11233.16,11311.37,11051.11,11180.66,471424934
2019-02-10,11180.42,11371.74,10863.56,10906.78,466483988
2019-02-17,10955.83,11323.05,10944.58,11299.8,452530314
2019-02-24,11287.74,11504.71,11244.52,11457.7,374498086
2019-03-03,11517.76,11676.86,11419.4,11601.68,432508561
2019-03-10,11646.21,11652.77,11405.21,11457.84,417590476
2019-03-17,11497.98,11725.66,11462.9,11685.69,570380576
2019-03-24,11685.54,11823.29,11356.49,11364.17,508811705
2019-03-31,11323.2,11549.42,11299.8,11526.04,487040409
2019-04-07,11617.18,12029.26,11612.7,12009.75,477511684
2019-04-14,11979.73,12031.15,11846.6,11999.93,414571856
2019-04-21,12011.11,12243.63,11983.33,12222.39,390260935
2019-04-28,12224.32,12349.83,12182.98,12315.18,394982656
2019-05-05,12308.98,12435.67,12266.34,12412.75,350554405
2019-05-12,12171.9,12319.05,11957.31,12059.83,573108558
2019-05-19,12044.1,12310.37,11844.47,12238.94,584676813
2019-05-26,12226.85,12246.5,11926.34,12011.04,507965207
2019-06-02,12077.88,12124.55,11662.07,11726.84,437405882
2019-06-09,11661.12,12096.61,11620.64,12045.38,492052173
2019-06-16,12133.6,12227.4,12049.76,12096.4,324513658
2019-06-23,12112.47,12438.37,11987.55,12339.92,680583012
2019-06-30,12308.11,12408.22,12189.49,12398.8,460961902
2019-07-07,12616.34,12656.05,12484.26,12568.53,389109346
2019-07-14,12541.18,12587.44,12304.98,12323.32,458989477
2019-07-21,12346.59,12465.19,12172.59,12260.07,395927796
2019-07-28,12243.58,12599.93,12236.7,12419.9,466733124
2019-08-04,12398.29,12473.97,11836.75,11872.44,538577498
2019-08-11,11758.44,11865.63,11559.76,11693.8,581953839
2019-08-18,11801.06,11836.97,11266.48,11562.74,589519999
2019-08-25,11679.72,11853.14,11611.51,11611.51,397858209
2019-09-01,11619.66,11989.44,11551.99,11939.28,370526250
2019-09-08,11939.99,12205.1,11869.28,12191.73,368546015
2019-09-15,12210.87,12494.25,12179.88,12468.53,523059345
2019-09-22,12387.68,12490.84,12303.51,12468.01,517971681
2019-09-29,12432.3,12441.02,12141.82,12380.94,422733178
2019-10-06,12367.81,12497.28,11878.98,12012.81,376174195
2019-10-13,12008.77,12511.65,11933.02,12511.65,462569229
2019-10-20,12468.78,12814.49,12387.95,12633.6,475883905
2019-10-27,12661.93,12914.24,12646.28,12894.51,421001916
2019-11-03,12897.4,12992.07,12795.09,12961.05,412581697
2019-11-10,13022.95,13300.76,13019.18,13228.56,460718115
2019-11-17,13170.18,13308.26,13139.25,13241.75,395154800
2019-11-24,13255.78,13374.27,13043.9,13163.88,356406755
2019-12-01,13247.51,13314.92,13165.07,13236.38,320329343
2019-12-08,13264.93,13338.25,12927.07,13166.58,375495293
2019-12-15,13147.57,13423.41,12886.55,13282.72,389765455
2019-12-22,13349.86,13425.85,13140.22,13318.9,476203637
2019-12-29,13304.77,13381.44,13285.55,13337.11,99973933
2020-01-05,13301.43,13425.03,13120.72,13219.14,187562179
2020-01-12,13085.49,13548.2,12948.17,13483.31,403146391
2020-01-19,13521.86,13557.78,13362.2,13526.13,371224146
2020-01-26,13503.83,13640.06,13382.23,13576.68,367039250
2020-02-02,13374.99,13399.42,12973.7,12981.97,468721087
2020-02-09,13033.17,13606.97,12987.53,13513.81,472335233
2020-02-16,13476,13788.51,13445.41,13744.21,410345115
2020-02-23,13770.67,13795.24,13500.5,13579.33,424882160
2020-03-01,13231.38,13236.58,11724.12,11890.35,924184888
2020-03-08,12030.27,12272.99,11447.2,11541.87,894120873
2020-03-15,10690.08,11032.29,9064.68,9232.08,1499192960
2020-03-22,8728.48,9201.07,8255.65,8928.95,1202631295
2020-03-29,8536.33,10137.62,8480.28,9632.52,918181383
2020-04-05,9725.88,10096.42,9337.02,9525.77,673814685
2020-04-12,9889.03,10649.79,9841.49,10564.74,512848532
2020-04-19,10733.97,10820.17,10236.24,10625.78,488501027
2020-04-26,10704.35,10707.31,10249.85,10336.09,530962392
2020-05-03,10551.07,11235.57,10523.1,10861.64,574418742
2020-05-10,10543.36,10918.32,10426.06,10904.48,520249653
2020-05-17,10948.24,10986.22,10160.89,10465.17,532561114
2020-05-24,10683.86,11246.91,10677.52,11073.87,500966365
2020-05-31,11186.04,11813.14,11118.12,11586.85,658113762
2020-06-07,11896.7,12858.79,11850.34,12847.68,600464962
2020-06-14,12722.68,12913.13,11828.66,11949.28,646922909
2020-06-21,11661.36,12483.84,11597.82,12330.76,706139224
2020-06-28,12194.48,12616.12,11957.31,12089.39,593807350
2020-07-05,12090.41,12658.17,12045.26,12528.18,506295922
2020-07-12,12774.77,12842.59,12416.69,12633.71,404317681
2020-07-19,12817.19,12999.84,12535.9,12919.61,388356184
2020-07-26,12898.11,13313.9,12811.72,12838.06,359843502
2020-08-02,12865.75,12936.01,12253.92,12313.36,389597001
2020-08-09,12374.46,12799.21,12365.61,12674.88,351894654
2020-08-16,12729.1,13101.12,12605.82,12901.34,322197291
2020-08-23,12924.88,13052.84,12633.71,12764.8,291851310
2020-08-30,12945.97,13221.82,12924.7,13033.2,301954582
2020-09-06,13103.93,13460.46,12753.69,12842.66,438453714
2020-09-13,12931.4,13297.71,12856.55,13202.84,333230737
2020-09-20,13329.61,13339.14,13035.94,13116.25,424296482
2020-09-27,12998.9,12998.9,12341.58,12469.2,404268119
2020-10-04,12673.73,12873.4,12539.86,12689.04,354959238
2020-10-11,12824.05,13100.85,12727.75,13051.23,324550287
2020-10-18,13086.06,13151.8,12599.82,12908.99,329344640
2020-10-25,12948.63,13028.73,12345.45,12645.75,317430435
2020-11-01,12303.41,12404.51,11450.08,11556.48,510891365
2020-11-08,11602.91,12595.87,11551.36,12480.02,0
2020-11-15,12713.19,13297.05,12670.58,13076.72,0
2020-11-22,13170.52,13277.45,13034.51,13137.25,0
2020-11-29,13215.44,13364.17,13126.97,13335.68,0
2020-12-06,13270.51,13445.11,13223.93,13298.96,0
2020-12-13,13255.78,13454.13,13009.48,13114.3,0
2020-12-20,13224.26,13774.45,13190.53,13630.51,0
2020-12-27,13398.22,13601.71,13060.34,13587.23,0
2021-01-03,13779.05,13903.11,13717.47,13718.78,0
2021-01-10,13890.22,14131.52,13566.47,14049.53,0
2021-01-17,13986.42,14030.22,13672.67,13787.73,0
2021-01-24,13701.98,14026.35,13701.74,13873.97,0
2021-01-31,13943.96,13946.85,13310.95,13432.87,0
2021-02-07,13559.94,14114.44,13518.45,14056.72,0
2021-02-14,14156.84,14169.49,13830.12,14049.89,0
2021-02-21,14109.07,14131.21,13853.77,13993.23,0
2021-02-28,13858.56,14051.01,13664.71,13786.29,0
2021-03-07,13962.43,14197.49,13868.2,13920.69,0
2021-03-14,14024.57,14595.02,13977.13,14502.39,0
2021-03-21,14504.49,14804.01,14409.35,14621,0
2021-03-28,14551.17,14776.32,14422.65,14748.94,0
2021-04-04,14809.8,15110.92,14756.04,15107.17,0
2021-04-11,15289.97,15311.86,15144.11,15234.16,0
2021-04-18,15238.85,15473.83,15184.95,15459.75,0
2021-04-25,15496.87,15501.84,15071.78,15279.62,0
2021-05-02,15297.93,15355.28,15085.02,15135.91,0
2021-05-09,15191.79,15406.41,14845.27,15399.65,0
2021-05-16,15417.53,15419.43,14816.35,15416.64,0
2021-05-23,15432.34,15538.01,14961.27,15437.51,0
2021-05-30,15548.29,15568.6,15350.67,15519.98,0
2021-06-06,15496.48,15705.89,15414.38,15692.9,0
2021-06-13,15661.58,15732.06,15505.15,15693.27,0
2021-06-20,15739.89,15802.67,15426.76,15448.04,0
2021-06-27,15391.5,15675.9,15309.44,15607.97,0
2021-07-04,15570.8,15752.93,15461.2,15650.09,0
2021-07-11,15628.42,15700.95,15304.41,15687.93,0
2021-07-18,15675.42,15810.68,15476.99,15540.31,0
2021-07-25,15420.14,15681.41,15048.56,15669.29,0
2021-08-01,15586.66,15659.22,15423.56,15544.39,0
2021-08-08,15631.7,15808.24,15492.58,15761.45,0
2021-08-15,15773.51,16030.33,15699.27,15977.44,0
2021-08-22,15875.7,15969.85,15621.98,15808.04,0
2021-08-29,15930.72,15932.62,15701.85,15851.75,0
2021-09-05,15856.71,16006.76,15690.02,15781.2,0
2021-09-12,15818.44,15959.74,15453.96,15609.81,0
2021-09-19,15681.17,15791.9,15455.54,15490.17,0
2021-09-26,15259.5,15695.65,15019.49,15531.75,0
2021-10-03,15699.01,15704.05,14983.8,15156.44,0
2021-10-10,15061.86,15267.92,14818.71,15206.13,0
2021-10-17,15115.46,15598.58,15012.07,15587.36,0
2021-10-24,15518.59,15614.76,15406.59,15542.98,0
2021-10-31,15580.58,15781,15495.51,15688.77,0
2021-11-07,15764.55,16084.9,15760.35,16054.36,0
2021-11-14,16040.85,16122.76,15985.9,16094.07,0
2021-11-21,16109.41,16290.19,16072.29,16159.97,0
2021-11-28,16188.54,16202.77,15244.46,15257.04,0
2021-12-05,15418.28,15509.46,15015.42,15169.98,0
2021-12-12,15323.2,15834.04,15150.54,15623.31,0
2021-12-19,15653.57,15794.31,15419.55,15531.69,0
2021-12-26,15152.56,15768.45,15060.1,15756.31,0
2022-01-02,15705.53,15974.79,15697.44,15884.86,0
2022-01-09,15947.44,16285.35,15862.71,15947.74,0
2022-01-16,16006.44,16090.29,15724.23,15883.24,0
2022-01-23,15948.9,15962.7,15456.87,15603.88,0
2022-01-30,15499.61,15587.39,14952.67,15318.95,0
2022-02-06,15506.79,15736.52,15060.48,15099.56,0
2022-02-13,15220.08,15614.47,15076.89,15425.12,0
2022-02-20,15065.73,15542.84,14844.1,15042.51,0
2022-02-27,15186.63,15192.47,13807.28,14567.23,0
2022-03-06,14263.73,14510.77,13094.54,13094.54,0
2022-03-13,12614.08,13943.97,12438.85,13628.11,0
2022-03-20,13827.22,14553.1,13577.81,14413.09,0
2022-03-27,14385.82,14539.31,14187.82,14305.76,0
2022-04-03,14376,14925.25,14371.9,14446.48,0
2022-04-10,14503.96,14603.44,14027.18,14283.67,0
2022-04-17,14162.97,14298.02,13887.11,14163.85,0
2022-04-24,14057.43,14598.11,13991.7,14142.09,0
2022-05-01,13908.05,14187.02,13566.2,14097.88,0
2022-05-08,13996.82,14315.24,13592.15,13674.29,0
2022-05-15,13624.92,14034.15,13380.67,14027.93,0
2022-05-22,13986.17,14226.47,13683.59,13981.91,0
2022-05-29,14179.84,14463.5,13871.48,14462.19,0
2022-06-05,14572.8,14589.91,14329.51,14460.09,0
2022-06-12,14576.87,14709.38,13749.77,13761.83,0
2022-06-19,13564.47,13648.84,13007.91,13126.26,0
2022-06-26,13207.79,13443.77,12904.86,13118.13,0
2022-07-03,13217.9,13378.42,12618.68,12813.03,0
2022-07-10,12904.09,13019.13,12390.95,13015.23,0
2022-07-17,12783.09,12934.87,12434.29,12864.72,0
2022-07-24,12935.05,13399.4,12827.89,13253.68,0
2022-07-31,13183.24,13515.03,13042.41,13484.05,0
2022-08-07,13471.2,13792.88,13335.39,13573.93,0
2022-08-14,13703.38,13813.05,13455.7,13795.85,0
2022-08-21,13847.88,13947.85,13525.69,13544.52,0
2022-08-28,13471.44,13510.29,12939.96,12971.47,0
2022-09-04,12838.42,13154.15,12603.58,13050.27,0
2022-09-11,12827.58,13121.13,12617.4,13088.21,0
2022-09-18,13171.92,13564.83,12699.22,12741.26,0
2022-09-25,12685.29,12936.57,12180.76,12284.19,0
2022-10-02,12231.84,12414.09,11862.84,12114.36,0
2022-10-09,11951.84,12673.35,11893.94,12273,0
2022-10-16,12175.52,12676.42,12000.43,12437.81,0
2022-10-23,12467.54,12931.76,12398.05,12730.9,0
2022-10-30,12868.77,13259.49,12747.38,13243.33,0
2022-11-06,13254.31,13542.35,13022.64,13459.85,0
2022-11-13,13398.79,14263.53,13391,14224.86,0
2022-11-20,14295.81,14457.76,14149.7,14431.86,0
2022-11-27,14395.53,14571.66,14321.84,14541.38,0
2022-12-04,14471.1,14584.59,14327.04,14529.39,0
2022-12-11,14487.43,14507.16,14196.77,14370.72,0
2022-12-18,14300.43,14675.84,13815.24,13893.07,0
2022-12-25,13934.75,14160.87,13791.52,13940.93,0
2023-01-01,14047.42,14071.72,13871.32,13923.59,0
2023-01-08,13992.71,14610.23,13976.44,14610.02,0
2023-01-15,14650.73,15132.37,14628.61,15086.52,0
2023-01-22,15112.05,15269.71,14906.27,15033.56,0
2023-01-29,15077.4,15186.49,14969.65,15150.03,0
2023-02-05,15070.3,15520.97,14988.98,15476.43,0
2023-02-12,15367.04,15658.56,15246.39,15307.98,0
2023-02-19,15322.06,15634.04,15300.42,15482,0
2023-02-26,15524.16,15552.77,15162.48,15209.74,0
2023-03-05,15351.63,15590.44,15150.67,15578.39,0
2023-03-12,15597.9,15706.37,15316.38,15427.97,0
2023-03-19,15435.16,15435.81,14664.17,14768.2,0
2023-03-26,14715.4,15298.49,14458.39,14957.23,0
2023-04-02,15133.68,15659.06,15020.07,15628.84,0
2023-04-09,15623.45,15736.56,15482.88,15597.89,0
2023-04-16,15710.45,15841.47,15625.79,15807.5,0
2023-04-23,15838.89,15916.28,15706.83,15881.66,0
2023-04-30,15852.27,15922.38,15688.17,15922.38,0
2023-05-07,15950.36,16011.56,15662.32,15961.02,0
2023-05-14,15967.57,15996.16,15754.76,15913.82,0
2023-05-21,15966.96,16331.94,15862.15,16275.38,0
2023-05-28,16235.98,16267.93,15726.5,15983.97,0
2023-06-04,16064.13,16079.73,15629.12,16051.23,0
2023-06-11,16079.86,16114.84,15909.85,15949.84,0
2023-06-18,16052.91,16427.42,16021.55,16357.63,0
2023-06-25,16272.21,16302.29,15733.12,15829.94,0
2023-07-02,15874.15,16176.55,15713.7,16147.9,0
2023-07-09,16187.91,16209.29,15456.16,15603.4,0
2023-07-16,15585.34,16185.11,15545.33,16105.07,0
2023-07-23,16013.52,16240.79,15995.45,16177.22,0
2023-07-30,16126.71,16490.13,16000.04,16469.75,0
2023-08-06,16434.66,16528.97,15784.52,15951.86,0
2023-08-13,15877.54,16060.27,15706.31,15832.17,0
2023-08-20,15818.21,15937.78,15468.65,15574.26,0
2023-08-27,15573.95,15896.74,15571.82,15631.82,0
2023-09-03,15756.47,16042.66,15673.89,15840.34,0
2023-09-10,15904.63,15958.74,15577.04,15740.3,0
2023-09-17,15799.42,15989.3,15564.64,15893.53,0
2023-09-24,15858.81,15870.62,15471.75,15557.29,0
2023-10-01,15513.32,15572.14,15138.66,15386.58,0
2023-10-08,15439.96,15476.38,14948.08,15229.77,0
2023-10-15,15143.29,15575.28,15077.66,15186.66,0
2023-10-22,15219.42,15288.32,14798.47,14798.47,0
2023-10-29,14823.03,14933.69,14630.21,14687.41,0
2023-11-05,14770.95,15269.5,14678.73,15189.25,0
2023-11-12,15219.32,15364.49,15068.25,15234.39,0
2023-11-19,15285.12,15952.45,15252.27,15919.16,0
2023-11-26,15915.24,16041.17,15854.82,16029.49,0
2023-12-03,16007.26,16399.06,15915.4,16397.52,0
2023-12-10,16390.17,16782.72,16386.8,16759.22,0
2023-12-17,16760.59,17003.28,16670.35,16751.44,0
2023-12-24,16683.69,16789.96,16624.16,16706.18,0
2023-12-31,16727.77,16783.79,16688.52,16751.64,0
2024-01-07,16828.75,16963.47,16448.71,16594.21,0
2024-01-14,16618.51,16839.49,16517.49,16704.56,0
2024-01-21,16723.24,16736.16,16345.02,16555.13,0
2024-01-28,16684.1,16967.72,16607.72,16961.39,0
2024-02-04,16925.39,17004.55,16821.6,16918.21,0
2024-02-11,16925.97,17049.52,16859,16926.5,0
2024-02-18,16975.99,17198.45,16831.53,17117.44,0
2024-02-25,17075.74,17443.74,17019.15,17419.33,0
2024-03-03,17396.74,17816.52,17396.4,17735.07,0
2024-03-10,17743.44,17879.11,17619.4,17814.51,0
2024-03-17,17690.95,18039.05,17662.55,17936.65,0
2024-03-24,17936.31,18225.97,17902.92,18205.94,0
2024-03-31,18206.36,18513.83,18176.85,18492.49,0
2024-04-07,18492.36,18567.16,18088.03,18175.04,0
2024-04-14,18163.39,18326.37,17860.73,17930.32,0
2024-04-21,17937.62,18191.95,17626.9,17737.36,0
2024-04-28,17738.04,18226.32,17738.04,18161.01,0
2024-05-05,18162.15,18235.8,17875.98,18001.6,0
2024-05-12,18001.13,18845.86,18001.13,18772.85,141527702
2024-05-19,18773.24,18892.92,18627.91,18704.42,373606485
2024-05-26,18710.13,18804,18515.84,18693.37,282472473
2024-06-02,18703.13,18855.05,18394.43,18497.94,345921561
2024-06-09,18503.79,18784.65,18365.53,18557.27,321738282
2024-06-16,18550.33,18651.7,17951.17,18002.02,343710628
2024-06-23,18008.23,18257.94,17969.54,18163.52,374757477
2024-06-30,18165.54,18363.39,18045.54,18235.45,291361090
2024-07-07,18236.35,18650.36,18030.49,18475.45,251983351
2024-07-14,18474.27,18779.4,18213.98,18748.18,251745363
2024-07-21,18736.11,18743.68,18162.3,18171.93,247377726
2024-07-28,18270.85,18647.1,18096.69,18417.55,284818778
2024-08-04,18542.43,18564.39,17623.97,17661.22,313269451
2024-08-11,17525.59,17788.72,17024.82,17722.88,363287071
2024-08-18,17784.03,18344.22,17669.64,18322.4,244964780
2024-08-25,18312.51,18670.45,18284.86,18633.1,204823134
2024-09-01,18589.9,18970.71,18554.51,18906.92,231880080
2024-09-08,18913.53,18990.78,18274.98,18301.9,258946446
2024-09-15,18379.52,18722.19,18208.84,18699.4,331799552
2024-09-22,18621.78,19044.96,18599.53,18720.01,402962382
2024-09-29,18766.92,19491.93,18684.34,19473.63,332606612
2024-10-06,19412.33,19449.98,18952.44,19120.93,291828818
2024-10-13,19150.27,19377.1,18911.72,19373.83,256272071
2024-10-20,19409.69,19674.68,19392.64,19657.37,269863652
2024-10-27,19609.42,19645.02,19330.11,19463.59,249810407
2024-11-03,19528.67,19643.12,19004.97,19254.97,262319622
2024-11-10,19231.86,19563.97,19007.88,19215.48,356079521
2024-11-17,19386.7,19546.9,18838.68,19210.81,389929211
2024-11-24,19249.26,19338.1,18812.53,19322.59,294480890
2024-12-01,19462.24,19640.15,19145.01,19626.45,329449535
2024-12-08,19586.17,20425.86,19568.5,20384.61,309788257
2024-12-15,20461.85,20522.82,20277.63,20405.92,292417587
2024-12-22,20360.75,20387.88,19649.87,19884.75,403586808
2024-12-29,19847.97,19984.32,19801.33,19984.32,81737950
2025-01-05,19892.97,20031.11,19833.82,19906.08,123480689
2025-01-12,19982.66,20480.49,19921.12,20214.79,322182391
2025-01-19,20157.24,20924.5,20025.28,20903.39,345219327
2025-01-26,20900.68,21520.5,20880.57,21394.93,286310201
2025-02-02,21201.99,21800.52,21081.61,21732.05,368613233
2025-02-09,21301.53,21945.31,21252.71,21787,350035881
2025-02-16,21830.93,22624.57,21785.02,22513.42,348639928
2025-02-23,22589.91,22935.06,22226.34,22287.56,327153034
2025-03-02,22470.68,22833.25,22235.26,22551.43,417954259
2025-03-09,22682.95,23475.88,22320.07,23008.94,601648763
2025-03-16,23163.78,23164.24,22258.3,22986.82,459253887
2025-03-23,22998.53,23476.01,22723.19,22891.68,466703133
2025-03-30,23075.76,23204.59,22377.91,22461.52,341698662
2025-04-06,22253.05,22573.71,20437.37,20641.72,518146815
2025-04-13,18751.75,21300.31,18489.91,20374.1,761358080
2025-04-20,20802.42,21436.66,20698.91,21205.86,270896177
2025-04-27,21150.54,22318.36,21044.61,22242.45,284282208
2025-05-04,22339.89,23086.65,22235.74,23086.65,315076447
2025-05-11,23064.26,23543.27,22861.4,23499.32,320218124
2025-05-18,23758.58,23911.98,23338.89,23767.43,399844608
2025-05-25,23705.93,24152.24,23274.85,23629.58,323100869
2025-06-01,24009.1,24325.97,23917.06,23997.48,301661546
2025-06-08,23865.38,24479.42,23740.09,24304.46,252738017
2025-06-15,24252.26,24289.51,23360.16,23516.23,294250890
2025-06-22,23589.47,23711.73,23051.55,23350.55,362420402
2025-06-29,23242.9,24040.55,23080.29,24033.22,280606157
2025-07-06,24109.15,24120.82,23620.42,23787.45,266918717
2025-07-13,23845.88,24639.1,23836.58,24255.31,265385907
2025-07-20,24038.29,24494.88,23968.95,24289.51,230946371
2025-07-27,24309.39,24514.93,23921.83,24217.5,304469979
2025-08-03,24424.67,24444.47,23380.94,23425.97,284552380
2025-08-10,23523.24,24392.04,23521.61,24162.86,306849241
2025-08-17,24206.26,24536.11,23940.24,24359.3,240745724
2025-08-24,24313.82,24444.41,24179.91,24363.09,212878754
2025-08-31,24232.02,24377.38,23881.98,23902.21,241990434
2025-09-07,24012.04,24046.85,23482.67,23596.98,228026847
2025-09-14,23771.86,23883.58,23563.37,23698.15,233738917
2025-09-21,23785.26,23855.35,23284.67,23639.41,414715542
2025-09-28,23567.49,23756.04,23383.84,23739.47,255399905
2025-10-05,23835.61,24524.11,23666.81,24378.8,231729810
2025-10-12,24357.59,24771.34,24241.46,24241.46,233014118
2025-10-19,24372.9,24448.77,23684.37,23830.99,239149579
2025-10-26,24035.19,24384.24,24026.59,24243.97,198196953
2025-11-02,24332.85,24348.59,23923.97,23954.45,202623487
2025-11-09,23990.34,24248.67,23452.89,23555.74,213036402
2025-11-16,23925.36,24441.28,23610.16,23887.07,236059570
2025-11-23,23890.48,23928.48,22947.54,23096.49,207697477
2025-11-30,23280.32,23882.04,23139.27,23828.25,256066670
2025-12-07,23731.29,24130.76,23433.48,24038.71,258833336
2025-12-14,24015.97,24474.62,23985.28,24211.37,247301083
2025-12-21,24297.64,24318.3,23923.97,24288.4,256019774
2025-12-28,24291.85,24362.01,24203.37,24337.08,32237164
2026-01-04,24370.94,24676.5,24253.73,24523.83,58551564
